jornada,dirección,correo,teléfono,horario de atención,nombre,idx,dane
"Mañana, Tarde, Nocturna",Carrera 18A # 187-75,insdiaquileoparrav1@educacionbogota.edu.co,6745973 - 6745973,8:00 a.m a 4:00 p.m.,Colegio Aquileo Parra,0,
Jornada única,km 13 de la vía Bogotá - Choachí,escdielverjonbajoe2@redp.edu.co,,,IED Colegio El Verjon,0,
"Mañana, Tarde",Calle 42 A Sur # 12 A - 27 Este,escdialtamirasuror4@educacionbogota.edu.co,2068596 / 3043999116,M y V 9:00 a.m. a 11:00 a.m. - 2:00 p.m. a 4:00 p.m.,Colegio Altamira Sur Oriental (IED),0,
"Mañana, Tarde",Calle 24A Sur No 1A- 95 Este,cedmontebello4@educacionbogota.edu.co,2067680 - 3002067382,8:00 a.m. - 4:00 p.m.,Colegio Montebello (IED),0,
"Mañana, Tarde",Diagonal 34 Sur # 2A-05 Este Barrio: Atenas.,,2069970,Lunes a Viernes de 8:00 am - 4:30pm.,Colegio Atenas (IED),0,
"Mañana, Tarde",Sede A Calle 31 D Bis Sur No. 2 - 24 Este,coldijosejoaquinca4@educacionbogota.edu.co,2065563,,Colegio Jose Joaquin Castro Martinez (IED),0,
"Mañana, Tarde",CL 43 B Sur N. 1 D - 03 Este,cedanibalfernande4@educacionbogota.edu.co,2068676 - 3644228,8:00 a.m. - 2:00 p.m.,Colegio Entre Nubes Sur Oriental (IED),0,
"Mañana, Tarde",Transversal 6b # 100c 55 sur,cedmonteblanco5@redp.edu.co,,8:00 a.m. - 4:00 p.m.,Colegio Diego Montaña Cuellar (IED),0,
"Mañana, Tarde",CL 81C SUR # 8A - 06 ESTE,cedgranyomasa5@educacionbogota.edu.co,3002068876,Lunes a viernes de 8:00 a. m. a 12:00 m. y de  2:00 p. m. a 4:00 p. m.,Colegio Gran Yomasa I. E. D.,0,"211850000051, 211850000051"
"Mañana, Tarde",Carrera 25Sur # 52 C - 92,coldimarcofidelsua6@educacionbogota.edu.co,7412113 / 2700366 / 7410022,L - V 7:00 a.m. a 4:30 p.m. en jornada continua.,Colegio Marco Fidel Suárez (IED),0,
"Mañana, Tarde",Calle 57Ñ sur # 75 F 27,cedmotorista7@educacionbogota.edu.co,6017795879,,Colegio Motorista (CED),0,"111001041599, 111001041599"
"Mañana, Tarde",Calle 57 sur #87H-03,colorlandohiguitaroj@educacionbogota.edu.co,7837318,administrativo 8:00 A.M. A 5:00 P.M.,Colegio Orlando Higuita Rojas (IED),0,
"Mañana, Tarde",calle 72 sur 100a71,iedcarlospizarroleon@educacionbogota.edu.co,7234592-93,En Secretaria  martes y jueves de 8am a 10am y de 2pm a 4pm,Colegio Carlos Pizarro Leongómez (IED),0,"111001104329, 111001104329"
"Mañana, Tarde",Carrera 88C # 66A-03 Sur,coldisjosefrancsoc@educacionbogota.edu.co,6017238530,6:15 A.m 6: 15 P.m.,Colegio Jose Francisco Socarras (IED),0,
"Mañana, Tarde",Carrera 84A # 57b04 sur,Coldeboraarangoperez@educacionbogota.edu.co,7330403-05,,Colegio Debora Arango Perez (IED),0,
"Mañana, Tarde",Calle 65H # 78A-03 Sur,cedluislopezdemes7@educacionbogota.edu.co,7750440,,Colegio Luis Lopez De Mesa (IED),0,
"Mañana, Tarde",Transversal 68 G # 35 A 42 Sur,coldicarlosarangov8@educacionbogota.edu.co,3043987997,L - V 8:00 a.m. - 4:00 p.m.,Colegio Carlos Arango Velez (IED),0,
"Mañana, Tarde",Cra 80 I Nro. 57 B 50 Sur,cedclass8@educacionbogota.edu.co,7764943 - 7774028 - 7770391,Secretaría Académica 8:00am - 4:00pm,Colegio Class (IED),0,
"Mañana, Tarde",Calle 38C sur # 73A - 93,ubaslasamericas8@educacionbogota.edu.co,4501089,L - V 8:00 a.m. a 12:00 m. / 2:00 p.m. a 5:00 p.m.,Colegio Las Américas (IED),0,
"Mañana, Tarde",Crr 73 A Bis B N 36 -47 sur,colfdosotoaparicio@educacionbogota.edu.co,(57+1) 4515930,8:00 a 12:00 / 14:00 a 16:00,FERNANDO SOTO APARICIO (IED),0,
"Mañana, Tarde",Calle 38c sur No 79-08,inemfranciscodepau8@educacionbogota.edu.co,2652285 - 2646508,,Colegio Inem Francisco De Paula Santander (IED),1,
"Mañana, Tarde",Dirección: Calle 35 C Sur # 78F - 81,cedprosperopinzon8@educacionbogota.edu.co,Lunes a Viernes 6;30 am a 4:00 pm,,COLEGIO PROSPERO PINZON IED,1,
"Mañana, Tarde","Cr 77 Q Nº 45 A – 21 Sur, Sede A- Cr 77 P Bis A N° 47 A- 31 Sur, Sede B",cedjackeline8@educacionbogota.edu.co,452 4113 – 4524042 - 3002072730,8 a.m. a 1 p.m.,Colegio Jackeline (IED),1,
"Mañana, Tarde",Calle 1 Bis N°87 C 07,cedpatiobonitoii8@educacionbogota.edu.co,3043986164,Lunes a Viernes de 8:00 a.m a 5:00 pm,Colegio Manuel Zapata Olivella (IED),1,
"Mañana, Tarde",Calle 23 G No. 103-60,escdiluisangelaran9@educacionbogota.edu.co,413 30 35 – 413 29 55 - 4157505,7:30 a.m. 5:30 p.m.,Colegio Luis Angel Arango (IED),1,
"Mañana, Tarde, Nocturna",CRA 101 # 23 - 42,coldirepdecostaric9@educacionbogota.edu.co,4184076 - 4184077 - 79,8:30 am - 10:00 a.m Secretaria Académica,Colegio Costa Rica (IED),1,"111279000362, 111279000362"
Jornada única,Sede A: Carrera 84 A # 75 A - 08  //  Sede B: Cra 83 # 82A - 41,escdisanjosenorte10@educacionbogota.edu.co,2517960,Lunes a Viernes de 6:30 am  a 2:30 pm,Colegio San Jose Norte (IED),1,"111001012459, 111001012459"
"Mañana, Tarde",CL 70 A # 94 - 38,escdifloridablanca10@educacionbogota.edu.co,4 382344,L - J 8:00 a.m. a 2:00 p.m.,Colegio Floridablanca (IED),1,
Jornada única,Sede A: Carrera 76 Nº 79-40. Barrio Santa María del Lago. Teléfono 2517283. Sede B: Transversal 77 Nº 81B-91. Barrio La Palestina,,4344014,,Colegio La Palestina (IED),1,
"Mañana, Tarde, Nocturna",Calle 65 N. 112 A - 39 Barrio Villa Gladys,coltintalitoantoni10@educacionbogota.edu.co,4405465 - 4350876,6:30 a.m. a 10:00 p.m.,Colegio Antonio Villavicencio (IED),1,
"Mañana, Tarde",SEDE A: Transversal 126 # 134 - 88 SEDE B: Calle 132d #123b - 65,cedlagaitana11@educacionbogota.edu.co,6904265,Jornada Mañana: 6:20-12:20 .......... Jornada Tarde: 12:30-6:30 .......... Secretaría: 8:00 a.m. - 4:00 p.m.,Colegio La Gaitana (IED),1,
,,,,,Colegio Nueva Colombia (IED),1,
Jornada única,Carrera 131 #134-44,josemariavelaz.bogota@feyalegria.org.co,6623999 / 6623361,8:00 a.m. a 12:00 m / 2:00 p.m. a 4:30 p.m.,Colegio José María Vélaz (IED),1,
"Mañana, Tarde, Nocturna",Carrera 92 No. 146C - 63,cedsimonbolivar11@educacionbogota.edu.co,6803993,7:30 am a 12:00m y 2:00 pm a 4:00pm,Colegio Filarmónico Simón Bolívar (IED),1,"111769000174, 111769000174"
"Mañana, Tarde",Calle 135 # 53 - 13,coldianibalfernand11@redp.edu.co,2582400,LUNES A VIERNES,Colegio Aníbal Fernandez de Soto (IED),1,
"Mañana, Tarde, Jornada única",Sede A: Calle 181 #51a-31 Barrio Nueva Zelandia - Sede B: Calle 187 # 49-42 Barrio Mirandela,cednvazelandia11@educacionbogota.gov.co,6720103 - SEDE A: 3002072669    SEDE B: 3057918617,8:00 a.m. a 4:00 p.m,Colegio Nueva Zelandia (IED),1,"111769001871, 111769001871"
Jornada única,Carrera 52 # 76 - 63 Sede A - Carrera 51 Nº 78 - 88 Sede B,innalfemlorencitav12@educacionbogota.edu.co,2319958 Sede A -- 2500106 Sede B,L - V 7:00 a.m. a 12:00 m. 2:00 p.m. a 4:00 p.m.,Colegio Femenino Lorencita Villegas De Santos (IED),1,
Jornada única,Carrera 28B # 78 - 40 Barrio Santa Sofia,cedjuanfranciscob12@educacionbogota.edu.co,2401890 - 305 7923893-3046754436,7:00 a.m. a 12:30 m,Colegio Juan Francisco Berbeo (IED),1,
Jornada única,Calle 74 A No. 62-44 Barrio: Simón Bolívar,colditomascarrasqu12@educacionbogota.gov.co,2400101,8:00 a.m. a 04:00 p.m.,Colegio Tomás Carrasquilla (IED),1,"111001032255, 111001032255"
Jornada única,Cra 19 11 - 17,lnalagustinnietoca14@educacionbogota.edu.co,3706600 - 3706611,M -J 8:00 a.m. - 11:00 a.m.,Colegio Liceo Nacional Agustin Nieto Caballero (IED),1,
"Mañana, Tarde, Nocturna",KR 24 B # 16 - 03 SUR,coldiguillermoleon15@educacionbogota.edu.co,2782716 - 3610279,8:00 a.m. - 1:00 p.m. - 2:00 p.m. - 4:00 p.m,Colegio Guillermo Leon Valencia (IED) (Antonio Nariño),2,"111001011053, 111001011053"
"Mañana, Tarde",Sede A Calle 14 Sur # 14-20,escnormalmariamont15@educacionbogota.edu.co,3734881,,Escuela Normal Superior Distrital Maria Montessori (IED),2,
"Mañana, Tarde",Carrera 51 N. 16 - 64 Sur Barrio: Ciudad Montes Tercer Sector,innaldeculturapopu16@educacionbogota.edu.co,2028772 Ext 101-3002067416 Sede Administrativa,8:00 a.m. a 12 m.,Colegio De Cultura Popular (IED),2,"111001000078, 111001000078"
"Mañana, Tarde",Calle 1B N° 52 A 02,coldiluiscarlosgal16@educacionbogota.edu.co,,Lunes a Viernes de 8:00 a.m - 12:00 p.m,Colegio Luis Carlos Galan Sarmiento (IED),2,"111001065056, 111001065056"
"Mañana, Tarde, Nocturna",Calle 40 Sur No 23 - 25,colnarestrepomilla18@educacionbogota.edu.co,2053030,Martes y Jueves de 9:00 a 11:00 a.m y 2:00 a 4:00 pm,Colegio Restrepo Millan (IED),2,
"Mañana, Tarde, Nocturna",Calle 37 Sur # 23 - 51,cedbravopaez@educacionbogota.edu.co,2057376 Celular: 3187721314,L - V 8:00 a.m. a 12:00 m. / 1:00 p.m. a 5:00 p.m.,Colegio Bravo Paez (IED),2,
Jornada única,Carrera 23 N. 35 - 20 Sur,colquirogaalianza18@gmail.com,2727097,Lunes a Jueves 8:00 a.m. - 11:00 am y 2:00 pm-3:00 pm,Colegio Quiroga Alianza (IED),2,"111001012815, 111001012815"
Jornada única,Carrera 26 B # 35 B-49 Sur,colrafaeldelgadosalgero18@educacionbogota.edu.co,7271937,L - V 8:00 a.m. a 12:00 m. / 2:00 p.m. a 4:00 p.m.,Colegio Rafael Delgado Salguero (IED),2,
"Mañana, Tarde",Calle 50A sur 5C 40,cedsanagustin18@educacionbogota.edu.co,6012793580,Lunes a Viernes de 8:00 a.m - 11:00 a.m,Colegio San Agustin (IED),2,
"Mañana, Tarde",Sede A: Chircales Transversal 5 J No. 48F-69 Sur,colalfredoiriarte@gmail.com,7697178/79 - 7690358/43,Lunes a Viernes: 8:00 A 5:00 PM,Colegio Alfredo Iriarte (IED),2,
"Mañana, Tarde, Jornada única",Diagonal 48 Z Sur # 4B 10,coldianaturbay@educacionbogota.edu.co,3057911124,L - V 8:00 a.m. a 12:00 m.,Colegio Diana Turbay (IED),2,
"Mañana, Tarde",DG 71 B SUR # 18 i - 20,escdirafaeluribeur19@educacionbogota.edu.co,601 7912395 / 601 7903666,"LUNES, MIÉRCOLES Y VIERNES DE 7:30 – 11:30 AM Y DE 1:00 – 3:30 PM",Colegio Rafael Uribe Uribe (IED) Ciudad Bolívar,2,"111001014524, 111001014524"
"Mañana, Tarde, Nocturna",Calle 64 Sur N. 71 F 18,cedismaelperdomo19@educacionbogota.edu.co,7757889 – 7759068 - 3002067172,8:00 a.m. - 4:00 p.m.,Colegio Ismael Perdomo (IED),2,"111001020320, 111001020320"
"Mañana, Tarde",CARRERA 27L # 71H 46 SUR,escdiparaisomirado19@educacionbogota.edu.co,7925201,,Colegio Paraiso Mirador (IED),2,
"Mañana, Tarde",COLEGIO SIERRA MORENA IED,cedsierramorena19@educacionbogota.edu.co,3057983816 - 3057917199 - 3046754430,DE 6:30 AM A 6:15 PM,Colegio Sierra Morena (IED),2,
"Mañana, Tarde",CL 70 SUR # 56 - 45,cedciudadbolivar19@educacionbogota.edu.co,7152774 - 7157106 - 7157106,Lunes a Viernes de 8:00 a.m - 4:00 p.m,Colegio Ciudad Bolivar - Argentina (IED),2,
"Mañana, Tarde",Carrera 18 I # 69 D - 35 SUR,cedconfederacions19@educacionbogota.edu.coo,5687907,L - V 8:00 a.m. a 12:00 m. / 2:00 p.m. a 4:00 p.m.,Colegio Confederación Brisas del Diamante (IED),2,
"Mañana, Tarde",Diagonal 74 B Bis - A Sur N. 26 C - 12,coljosemarivargvila@educacionbogota.edu.co,3002069528,8:00 a.m. - 4:00 p.m.,COLEGIO JOSE MARIA VARGAS VILA IED,2,"111001107115, 111001107115"
"Mañana, Tarde",Calle 62 A Sur Nº 73 - 31 Bogotá,iedcundinamarca@educacionbogota.edu.co,,,Colegio Cundinamarca (IED),2,
"Mañana, Tarde",Cra. 18 # 70 A - 05 sur,colfannymikey@educacionbogota.edu.co,7921137 - 300 2069351,7:00 am a 5:00 pm,Colegio Fanny Mikey (IED),2,
"Mañana, Tarde",Calle 76 Sur No. 24 a 11,cedcanada19@educacionbogota.edu.co,790 35 86 / 790 07 49,Martes y Jueves 9 -12 AM y 2-4 PM,Colegio Canada (IED),3,
Jornada única,Transversal 70 D No. 60-90 Sur,secretariaensueno@chinca.org.co,3214758963,Lunes a Viernes 7:00 a.m - 3:30 p.m,Colegio El Ensueño (IED),3,
"Nocturna, Jornada única",Bogotá,coldiagustinfernan1@educacionbogota.edu.co,6710239 / 6791049 / 3002069223,Lunes a Viernes de 8:00 a.m - 2:00 p.m,Colegio Agustín Fernández (IED),3,"111001029955, 111001029955"
"Mañana, Tarde, Jornada única",AK 7 # 171 B - 26,cedfriedrichnauma1@educacionbogota.edu.co,6796109 / 6682577 Ext 102,8:00 a.m. a 12:0 m. / 2:00 p.m. 4:00 p.m.,Colegio Friedrich Naumann (IED),3,
"Mañana, Tarde, Jornada única",Sede A Cl. 166 #16C-15 Sede B Cra. 14c #164 - 75 Sede C Cra. 17 #163A-22,cedtoberin1@educacionbogota.edu.co,Sede A 6696782 Sede C 6147050,8:00- 4:00,Colegio Toberin (IED),3,"11001046957, 11001046957"
"Mañana, Tarde",Carrera 5B No. 189B-30 Barrio Buena Vista,cednvohorizonte1@educacionbogota.edu.co,6793861-6796685,8:00 a.m. - 4:00 p.m.,Colegio Nuevo Horizonte (IED),3,"111001086681, 111001086681"
Jornada única,Calle 69 # 11-27,coldisimonrodrigue2@educacionbogota.edu.co,2358681,Lunes a viernes de 8:00 a.m. a 12:00 m. y de 2:00 p.m. a 4:00 p.m.,Colegio Simón Rodriguez (IED),3,
"Mañana, Tarde, Nocturna",Carrera 5C Este No. 98A- 55,campestremonteverde@educacionbogota.edu.co,Sede A 6320241 - 3043997186 Sede B 6320242 - 3057915735,8 AM - 4 PM,Institución Educativa Distrital Campestre Monte Verde,3,
"Mañana, Tarde, Jornada única",Sede A: Calle 28 Nº 5A-06  Sede B: Calle 20 Nº 4-68,lnalpolicarpasalav3@educacionbogota.edu.co,3012312607,8:30 a.m. a 3:00 p.m.,Colegio Policarpa Salavarrieta (IED),3,"111001009834, 111001009834"
Jornada única,Carrera 7 # 33-64,extcamilotorres3@educacionbogota.edu.co,3380221,,Colegio Externado Nacional Camilo Torres (IED),3,
"Nocturna, Jornada única",Calle 3 N. 9 - 80,coldiantoniojoseur3@educacionbogota.edu.co,3012312817,8:00 a.m. - 2:00 p.m.,Colegio Antonio Jose Uribe IED,3,"111001036544, 111001036544"
Jornada única,Calle 32 A N. 3 C 36 Barrio La Perseverancia,cedmanuelelkinpat3@educacionbogota.edu.co,3383922 - 3002067156,8:00 a.m. - 3:00 p.m.,Colegio Manuel Elkin Patarroyo (IED),3,
"Mañana, Tarde",Sede Principal Carrera 7 # 24-01 Sur - Sede Primera Infancia Calle 26 Sur # 8 - 50 Barrio: Veinte de Julio,cedveintedejulio4@educacionbogota.edu.co,2721598 - 3660830- 3043999059,L-V 8:00 -12:00 a.m. 2:00- 4:30 p.m.,Colegio Veinte De Julio (IED),3,
"Mañana, Tarde, Nocturna, Jornada única",Carrera 10 D Este No. 17 B - 46 Sur,cedsancristobasu4@educacionbogota.edu.co,3002067977,L - V 6:00 a.m. a 12:00 m. / 12:15 a 6:15 p.m. /6:15 a 10:00 p.m.,Colegio Técnico San Cristobal Sur (IED),3,"111001014176, 111001014176"
"Mañana, Tarde",Calle 34 Sur # 7 A - 88,cedsanisidrosuror4@educacionbogota.edu.co,2397232,8:00 a.m. a 04:00 p.m.,Colegio San Isidro Sur Oriental (IED),3,
"Mañana, Tarde",Carrera 16 A Este #42C- 80 Sur,cedmoralbasurorie4@educacionbogota.edu.co,3632320-3646165-3676767,7:00 am - 4:30 am,Colegio Moralba Suroriental (IED),3,
"Mañana, Tarde",Cra5a Nº30a - 45sur,cedflorentinogonz4@educacionbogota.edu.co,2722011 - 2721483 - 3043999110,LUNES A VIERNES - 6:30 AM A 6:30 PM,Colegio Florentino Gonzalez (IED),3,
"Mañana, Tarde","No.18 A -, Cra. 3 Este #25 Sur 34,",coldimediamanuelit4@redp.edu.co,3332837 – 3332837,8:00 a.m. - 4:00 p.m.,Colegio Manuelita Saenz (IED),3,
Jornada única,Carrera 5 Este N°25-51 Sur,colditomasruedavar4@educacionbogota.edu.co,2060910 – 2062080,8:00 AM-5:00 PM,Colegio Técnico Tomás Rueda Vargas IED,3,
Mañana,Calle 70 Sur # 13B - 27 Este,cedjuanrey4@educacionbogota.edu.co,3654888 / 3652019,L-V 8:00 a.m. a 4:00 p.m.,Colegio Juan Rey (IED),3,
Jornada única,SEDE A: Carrera 9A n°18 - 74 Sur / SEDE B: Carrera 9A n° 22b - 30 Sur,cedrafaelnunez4@educacionbogota.edu.co,SEDE A 2784524 - 2789919 SEDE B 2390237,6:30 AM -  1:30 PM,Colegio Rafael Nuñez (IED),4,
"Mañana, Tarde, Jornada única",CALLE 74 C SUR 14-40 ESTE,coldiprovinciadequ5@educacionbogota.edu.co,3654440-3654400-3654666,8.30 am-5.00 pm,Colegio Provincia De Quebec (IED),4,"111001041556, 111001041556"
"Mañana, Tarde, Jornada única",Trv. 14 T # 70-49 Sur,coldilaaurora5@educacionbogota.edu.co,7626890 -7640000,Lunes a Viernes - 6:00 am a 6:00 pm,Colegio La Aurora (IED),4,"111001045705, 111001045705"
"Mañana, Tarde",Cra 9 A N. 103 A 17 Sur,iedusminia@educacionbogota.edu.co,7671614,8:00 a.m. - 4:00 p.m.,Colegio Usminia (IED),4,
"Mañana, Tarde","Sede A: Transversal 1 Este N° 85- 10 sur. Sede B: Calle 83 Sur Transversal 7, Este",cedelbosque5@educacionbogota.edu.co,Sede A: 7735125 - 7735126 -7734314 - 7735189 – 7734258 -7640866 Sede B: 762 0005,lunes a viernes 7:30 a.m. a 5:00 p.m.,Colegio Ofelia Uribe De Acosta (IED),4,
"Mañana, Tarde",Cra 7 N° 92 A 31 Sur,coldielvirreyjoses5@educacionbogota.edu.co,7672789,8:00 am a 5:00 pm                                                         Atención Secretaría Académica Martes y Jueves 8:00 am a 11:00 am,Colegio El Virrey Jose Solis (IED),4,
Jornada única,Calle 91 Sur N. 4 - 22 Este,bosco4@fundaciondonbosco.org,7625959 - 7620827,8:00 a.m. a 12 m.,Colegio Chuniza Fámaco IED,4,
Jornada única,Calle 96 A Sur N. 14 B 05,bosco2@fundaciondonbosco.org,7642614 / 7642615,Lunes a Jueves de 7:00 a.m. a 10:00 a.m.,Colegio San José de Usme (IED),4,
"Mañana, Tarde",Calle 95 Sur N° 14B-64 Barrio Monte Blanco,insdialuiseduardomor@educacionbogota.edu.co,7688132 / 7671628,,Colegio Luis Eduardo Mora Osejo (IED),4,"11100198861, 11100198861"
"Mañana, Tarde, Jornada única",Calle 111 A Sur # 4B - 07 Este,iedeumendoza@educacionbogota.edu.co,7673344 / 7688322,L - V 8:00 a.m. 12:00 m.,Colegio Eduardo Umaña Mendoza (IED),4,
"Mañana, Tarde, Jornada única",Carrera 11 # 65 C - 50 Sur,colpaulofreire@educacionbogota.edu.co,7647442 / 7391175,8:00 a.m. - 4:00 p.m.,Colegio Paulo Freire (IED),4,
Jornada única,Carrera 2A # 74 B bis - 00 Sur,escdielcortijo5@educacionbogota.edu.co,7640384 / 7629050 / 3043991669,L-J 8:00 a.m. a 4:00 p.m.,Colegio El Cortijo - Vianey (IED),4,
"Mañana, Tarde, Nocturna",Calle 76 A Sur N. 1 D 59 Este,cedalmirantepadil5@educacionbogota.edu.co,3002073423,8:00 a.m. - 4:00 p.m.,Colegio Almirante Padilla (IED),4,"111850001428, 111850001428"
"Mañana, Tarde",Cra 6H Este # 114 - 88 Sur,escdipuertaalllano5@educacionbogota.edu.co,773 5522 - 773 3554,6:20 am - 6:20 pm,Colegio Ciudad De Villavicencio (IED),4,
"Mañana, Tarde",SEDE A: CARRERA 14 B Nº 91 – 20 SUR SEDEB: CALLE 73 C sur # 14 W 03.,escditenerife5@educacionbogota.edu.co,2006724,,Colegio Tenerife Granada Sur IED,4,"211850000787, 211850000787"
"Mañana, Tarde",SEDE A: Carrera 4 Este Nº 65 – 31 Sur Barrio La Fiscala - SEDE B: Calle 56 A Sur 3A-14 barrio El Danubio - SEDE C: Carrera 5 B Este 64-80 Sur barrio La Fiscala Alta.,fabiolozanosimonelli@gmail.com,7621132 / 7621084 Sede A - 7692604 Sede B - 7647342 Sede C,Lunes a Viernes de 8:00 a.m - 5:00 p.m,Colegio Fabio Lozano Simonelli IED,4,
"Mañana, Tarde, Nocturna",Carrera 55 # 49 - 25 Sur,coldivenecia6@educacionbogota.edu.co,2307050 / 7102815,L - V 7:00 a.m. a 12:00 m. 2:00 p.m. a 4:00 p.m.,Colegio Venecia (IED),4,
"Mañana, Tarde",Calle 47 Sur N° 19 A – 03. Barrio Santa Lucía,cedbernardojarami18@educacionbogota.edu.co,2795386,7:30 a.m. a 5:00 p.m.,Colegio Bernardo Jaramillo (IED),4,"111001032450, 111001032450"
"Mañana, Tarde, Jornada única",Cll. 67B Sur No. 63-15,cedisladelsol6@educacionbogota.edu.co,7131213 / 7132418,Lunes a Viernes de 8:00 a.m - 4:00 p.m,Colegio Isla Del Sol (IED),4,
"Mañana, Tarde","Calle 58 Sur, Nº 19B - 67",ceddianaturbay6@educacionbogota.edu.co,279 35 85,,Colegio San Benito Abad (IED),4,
"Mañana, Tarde, Nocturna",CR 77 L # 65 J - 73 sur,cedidsanpablobosa7@educacionbogota.edu.co,7757545 - 7765276 - 7750283,"Lunes, Martes, Jueves y Viernes de 8:00 a.m - 12:00 p.m. y 2:00 p.m - 4:00 p.m.",Colegio CEDID San Pablo,5,
"Mañana, Tarde, Nocturna",Calle 56 SUR # 72 G - 20,cednvochile7@educacionbogota.edu.co,7806307 / 7824775 / 7878247,L - V 7:00 a.m. a 12:00 m. 2:00 p.m. a 4:00 p.m.,Colegio Nuevo Chile (IED),5,
"Mañana, Tarde",Sede A: Calle 52A Sur No. 87D-45 – Barrio Brasilia - Bosá - Sede B: Cra. 87J No. 55-08 sur - Tel: 7851627 Sede B (Primer Infancia): Calle 54C sur No. 87K-21 Tel: 7832178 Sede C: Calle 52 A Sur 87D-40,cedbrasiliabosa7@educacionbogota.edu.co,7301450,Lunes a Viernes 8:00 am. - 4:30 pm.,Colegio Brasilia - Bosa (IED),5,
"Mañana, Tarde",Calle 73 B Sur N. 78 a Bis 15,cedllanooriental7@educacionbogota.edu.co,7808114,7:00 a.m. a 4:30 p.m.,Colegio Llano Oriental (IED),5,
"Mañana, Tarde",Carrera 86 N° 74 - 00 sur Bosa San Pedro,iedalfonsoreyesechan@educacionbogota.edu.co,,"martes, miércoles y jueves de 8:00 am a 11:00 am y de 2:00 pm a 4:00 pm.",Colegio Alfonso Reyes Echandia (IED),5,"111001104299, 111001104299"
"Mañana, Tarde",ÚNICA SEDE: Calle 59 B No. 87B-02 Sur,cedbosanova7@educacionbogota.edu.co,7839623 -7846415 - 3043993437,L-V 8:00 a.m. - 5:00 p.m.,Colegio Bosanova (IED),5,
"Mañana, Tarde",Calle 5A Sur # 88B-08 Barrio: Patio Bonito III,coldidarioechandia8@educacionbogota.edu.co,,8:00 a.m. a 5:00 p.m.,Colegio Dario Echandia (IED),5,
"Mañana, Tarde, Nocturna",Carrera 78 No. 30-35 Sur,coldilaamistad8@educacionbogota.edu.co,2643189 - 2643169,DANE 111001011690 NIT. 860532576-3,Colegio La Amistad (IED),5,
"Mañana, Tarde, Jornada única",Carrera 79 C N° 41B 51 Sur,cedsanpedroclaver8@educacionbogota.edu.co,4516689,8:00 am a 4:00 pm (secretaria),Colegio San Pedro Claver (IED),5,
"Mañana, Tarde",Diagonal 2d #79b-83 Sur. Super manzana 12 A,cedisabelii8@educacionbogota.edu.co,6012928295,Jornada Mañana 6:30 A.M a 12:30 P.M Jornada Tarde 12:30 a 6:30 P. M,COLEGIO ISABEL II (IED),5,"111001015601, 111001015601"
"Mañana, Tarde",Carrera 72 I # 42 F - 54 SUR,escdilachucua8@educacionbogota.edu.co,7411836 / 3043986103,L - V 8:00 a.m. a 4:00 p.m,Colegio La Chucua (IED),5,
"Mañana, Tarde",KR 74 B # 38 A - 33 Sur,cedbasjohnfkenned8@educacionbogota.edu.co,2647376 - 2650770,De Lunes a Viernes de 8:00 a.m. - 4:30 p.m.,COLEGIO JOHN F KENNEDY (IED),5,
"Mañana, Tarde",Carrera 78C No. 8A - 43,cednvacastilla8@educacionbogota.edu.co,4126626,"Secretaría: Lunes, Miércoles y Viernes de 8:00am a 5:00pm Jornada Continua",Colegio Castilla (IED),5,
"Mañana, Tarde",Sede A: Carrera 77K Bis A No 50-26 sur Sede B. Calle 49 Sur No 78-35,cedvillarica8@educacionbogota.edu.co,453 6063 - 2995148 - 320 3740324,Martes y Jueves de 8:00am a 11:00am y 1:00pm a 4:00pm,Colegio Villa Rica (IED),5,
"Mañana, Tarde",Calle 38 No 89-81 sur,cedrodrigodetrian8@redp.edu.co,452 0575,630 am-630 pm,Colegio Instituto Técnico Rodrigo De Triana (IED),5,
"Mañana, Tarde",KR 93 A # 42 A - 37 SUR,ceddindalito8@educacionbogota.edu.co,3002069372,L-V 6:00 a.m. a 12:00 m. / 12:15 p.m. a 6:15 p.m.,Colegio Eduardo Umaña Luna (IED),5,
Jornada única,Calle 42 F Sur Nº88A - 25,colherndurandussan@educacionbogota.edu.co,3012313091 / 4516619 / 4544908 / 4544903,RECUERDE AGENDAR SU CITA. LUNES A VIERNES DE 8:00 AM - 12:00 PM,Colegio Hernando Duran Dussan (IED),5,
"Mañana, Tarde",Carrera 87 A No 6 A 23 Sede A,coldigabemjia@educacionbogota.edu.co,4505733,,Colegio Gabriel Betancourt Mejia (IED),5,
"Mañana, Tarde",Calle 11 B # 80 B - 61,colgeneralgustavoroj@educacionbogota.edu.co,2923536 / 2921144 / 2921272 / 2921106,L - V 7:00 a.m. a 4:00 p.m.,Colegio General Gustavo Rojas Pinilla (IED),5,
"Mañana, Tarde",Cra 90A # 46-50 Sur,colnelsonmandela@educacionbogota.edu.co,7833752 - 7833690,8:00 a.m. a 11:00 a.m. - 2:00 p.m. a 4:00 p.m.,Colegio Nelson Mandela (IED),5,
Jornada única,Carrera 80b #6-71,col.emma.reyes@educacionbogota.edu.co,310 2967796,7:00 am- 3:00 pm,COLEGIO EMMA REYES (IED),6,"111001800554, 111001800554"
"Mañana, Tarde","sede A Calle 17 D No. 123B 26 , sede B  Calle 17 F No. 128-45 , Sede C Cra 124 No. 17-05",edavuden9@educacionbogota.edu.co,601 2679369,8:00 AM- 5:00 P.M,Colegio Antonio Van Uden (IED),6,"11127900061, 11127900061"
"Mañana, Tarde",Cra. 68F # 63B - 02,secretaria.rectoria@itifjdecaldas.edu.co,,8:00 a.m. a 4:00 p.m.,Colegio Instituto Técnico Industrial Francisco Jose De Caldas (IED),6,
"Mañana, Tarde, Nocturna",Tv 94 # 81 A - 29,cedmiguelantonioc10@educacionbogota.edu.co,2277530 - 4345482 - 4345542 - 4904121,8:00 a.m. - 2:00 p.m.,Colegio Miguel Antonio Caro (IED),6,
"Mañana, Tarde",Diagonal 83 # 73A - 12,escdimorisco10@educacionbogota.edu.co,2760358,8:00 a.m. a 4:00 p.m.,Colegio Morisco (IED),6,
"Mañana, Tarde",Carrera 92 # 82 - 20,escdirepdechina10@educacionbogota.edu.co,2523501 / 2521154,lunes a viernes 6:20 am a 6:20 pm,Colegio República de China IED,6,
"Mañana, Tarde",Carrera 110 B # 71 C - 45,insededucvillaamal10@educacionbogota.edu.co,4349056 - 4349054 Celular3002071443,L - V 6:20 a.m. a 12:00 m. / 12:20 p.m. a 6:20 p.m.,Colegio Villa Amalia (IED),6,
"Mañana, Tarde",Cra. 104 A # 76B -09,escdgarcesnavasii10@educacionbogota.edu.co,2275473 - 3002069826,Lunes a Viernes 8:00 am - 4:00 pm,Colegio Garces Navas (IED),6,
Jornada única,"Cra. 93a #75b80, Bogotá Barrio Santa Rosita",cedguillermoleonv10@educacionbogota.edu.co,031-4361066 / 3002072089,9:00 am 12:30 lunes a viernes,Colegio Guillermo León Valencia (IED) (Engativá),6,
"Mañana, Tarde",Carrera 68G # 78-90,cedrepdebolivia10@educacionbogota.edu.co,60606649,L - V 8:00 a.m. a 12:00 m. / 2:00 p.m. a 5:00 p.m.,Colegio República De Bolivia (IED),6,
"Mañana, Tarde",TRANSVERSAL 113 No. 66 - 95 ENGATIVÁ,coltomasciprianomosq@educacionbogota.edu.co,2273792 - 2273793,"LUNES, MIERCOLES Y VIERNES DE 8 AM A 11AM",Colegio Tomas Cipriano De Mosquera (IED),6,
"Mañana, Tarde",SEDE A: CARRERA 103 D No 86 A-72 // SEDE B: CALLE 87 No 102-55,cedbolivia10@educacionbogota.edu.co,SEDE A: 2291630 - 2291651 // SEDE B: 2272541,"Lunes, miércoles y viernes de 8:00 a 10:00 a.m. y de 2:00 a 4:00 p.m.",COLEGIO RODOLFO LLINÁS I.E.D.,6,
"Mañana, Tarde",Cra 100 A N. 130 - 18,cedalvarogomezhur11@educacionbogota.edu.co,3043995299,7:00 a.m. - 4:30 p.m.,Colegio Alvaro Gomez Hurtado (IED),6,
"Mañana, Tarde",Sede A Secundaria Calle 132 D BIS No 132–05.   Sede B Sección Primaria Trv. 151 A No. 129 – 16.    Sede C Sección Primaria Calle 132 No. 133 A 43.    Sede D Sección Primera infancia Calle 142 No. 128 - 02,cedlatoscana11@educacionbogota.edu.co,Sede A Secundaria 6904984 - 3002073543 Sede B Sección Primaria 6974995- 3057889143 Sede C Sección Primaria 6904272 - 3057914705,7:00 am - 5:00 pm,Colegio La Toscana - Lisboa (IED),6,"111001094889, 111001094889"
"Mañana, Tarde",Calle 144C N° 141A-51,coldeliazapataolive@educacionbogota.edu.co,6897637 - 6897665,6:00 a.m. - 5:00 p.m.,Colegio Delia Zapata Olivella (IED),6,
"Mañana, Tarde, Jornada única",SEDE A Calle 130A #98 - 71 SEDE B Cra. 102A #135a-07 (Primera Infancia),colgonzaloarango@educacionbogota.edu.co,(601) 6857674,Lunes a Viernes de 9:00 a.m. a 4:00 p.m.,Colegio Gonzalo Arango (IED),6,"111001104388, 111001104388"
"Mañana, Tarde",Sede A: Cra.90 No. 154A-09,colventiunangeles11@educacionbogota.edu.co,683 8616,Lunes a Viernes 6:00 am - 6:00 pm,Colegio Veintiún Ángeles (IED),6,
"Mañana, Tarde",SEDE A CRA. 46 N.130-65 SE DE B CRA. 53A N. 128-51,escdipradoveranie11@educacionbogota.edu.co,SEDE A 2740976-2741664 SEDE B 6251053,Sec Aacdémica de 8 a 4,Colegio Prado Veraniego (IED),6,
"Mañana, Tarde",Calle 132 C # 92 A - 71,cedvillaelisa11@educacionbogota.edu.co,6822550 / 6854621,L - V 7:00 a.m. a 12:00 m. 2:00 p.m. a 4:00 p.m.,Colegio Villa Elisa (IED),6,
"Mañana, Tarde, Nocturna",Sede A Calle 140 # 100 30 / Sede B Cra 99 # 154 26,coldijuanlozanoylo11@educacionbogota.edu.co,6806870 - 6822910,Lunes a Viernes 8 a 12 am - 2 a 4 pm Con Agendamiento,Colegio Juan Lozano y Lozano (IED),6,
"Mañana, Tarde, Nocturna",Carrera 94C 129A-04,coldigerardoparede11@educacionbogota.edu.co,6813272,Lunes a Viernes 8:00a.m a 8:00p.m,Colegio Gerardo Paredes (IED),7,
"Mañana, Tarde",TV 60 # 95 - 51,intdidomingofausti12@educacionbogota.edu.co,2367748 / 2367746 / 5336782,L - V 7:00 a.m. a 12:00 m. 2:00 p.m. a 4:00 p.m.,Colegio Tecnico Domingo Faustino Sarmiento (IED),7,
Jornada única,Cra 57A # 74A - 32,coldirepdepanama12@educacionbogota.edu.co,2500760 - 3002072620,,Colegio República De Panamá (IED),7,
Jornada única,"Sede A: Carrera 28 # 63 - 64, SedeB: cra 28b #65-80, Sede C: Cra 29 C# 71C -11",colfranciscoprimero@educacionbogota.edu.co,3491208 / 2126019,,Colegio Francisco Primero S.S. (IED),7,
"Mañana, Tarde, Nocturna, Jornada única",Sede A (Carrera 14A No. 57-28) - Sede B (Carrera 32 A No. 27-18) - Sede C (Carrera 29 A No. 34-10),iedmanuelabeltran13@educacionbogota.edu.co,Sede A2552363/ 2494003/ Sede B 3407320,Secretaria Académica Diurna: Martes y/o Jueves 8:00 am a 12:00 m/ 2:00 pm a 4:00 pm. Nocturna: 6:30 pm a 8:00 pm.,Colegio Manuela Beltran (IED),7,"111001010731, 111001010731"
"Mañana, Tarde",Carrera 23 # 49 - 37,cedpalermocedip13@educacionbogota.edu.co,,,Colegio Técnico Palermo (IED),7,
Jornada única,Cra. 19 A Bis No. 1 – A - 55,cededuardosantos14@educacionbogota.edu.co,3331159/ 3046754433,8 AM / 4 PM,Colegio Eduardo Santos (IED),7,
"Mañana, Tarde",Carrera 22 N. 12 - 49,lnalantoniasantos14@educacionbogota.edu.co,,8:00 a.m. a 12 m - 2:00 a 4:00 p.m,Colegio Liceo Nacional Antonia Santos (IED),7,"Bachillerato: 111001019526,  DANE Primaria: 11001800066, Bachillerato: 111001019526,  DANE Primaria: 11001800066"
"Mañana, Tarde, Jornada única",Calle 1b No. 19a - 19 Barrio Eduardo Santos,coldimenorah14@educacionbogota.edu.co,2460532,Lunes a Viernes de 8 a.m a 5 p.m,Colegio Técnico Menorah (IED),7,"11001026069, 11001026069"
"Mañana, Tarde",Sede A: Diagonal 1 N. 19 - 79.,ipnfemenino14@educacionbogota.edu.co,3002068509,7:30 a.m a 4:30 p.m.,Colegio San Francisco De Asís (IED),7,
"Mañana, Tarde",Cra. 58 #9-51,iedsilveria@educacionbogota.edu.co,2604576-2600391,,Colegio Silveria Espinosa De Rendón (IED),7,
Jornada única,CL 39 SUR # 51 D - 19,colnaandresbello16@educacionbogota.edu.co,3165105587 -- 2381508,,Colegio Andres Bello IED,7,
"Mañana, Tarde",Carrera 51A Nº 26 - 38 sur,coldibenjaminherre16@educacionbogota.edu.co,3002861876,Lunes a Viernes 8:00 am. a 4:00 pm.,Colegio Técnico Benjamín Herrera (IED),7,
"Mañana, Tarde",Calle 5B N° 53C-74,coldisorrento16@educacionbogota.edu.co,2626929,Lunes a Viernes de 8:00 a.m - 4:00 p.m,Colegio Sorrento (IED),7,
Jornada única,CL 2 BIS # 56 A - 37,cedjosemanuelrest16@educacionbogota.edu.co,4462397,,Colegio José Manuel Restrepo IED,7,
"Mañana, Tarde",Cra 3 este # 9-77 Barrio Egipto,enaldecomercio17@educacionbogota.edu.co,3012312737,8:30 am-4:30pm,Colegio Escuela Nacional De Comercio (IED),7,
"Mañana, Tarde",Transversal 23 N° 44 a - 34 Sur,colmanuelsocorrorodriguez@gmail.com,+57 (031) 279 87 36,8:00 a 12 m y 1:00 a 4:00 pm,Colegio Manuel del Socorro Rodríguez (IED),7,
Jornada única,CL 27 SUR # 22 A - 02,inseduantoniobaraya@educacionbogota.edu.co,3668171,7:00 am a 2:30 pm,Colegio Antonio Baraya IED,7,
"Mañana, Tarde, Jornada única",Cr 12H Bis N° 28C - 24 Sur,coldigustavorestre18@educacionbogota.edu.co,3662125 / 2727202,Lunes a Viernes de 7: 00 a.m. - 12:00,Colegio Gustavo Restrepo (IED),7,"111001027332, 111001027332"
"Mañana, Tarde",CRA 2B No. 49 d 41 SUR,cedpalermosur18@gmail.com,7697168,,Colegio Palermo Sur (IED),7,
Jornada única,Calle 22 sur # 22-65,coldirepeeuudeamer18@educacionbogota.edu.co,2786164 - 3002069162,Martes y Jueves 9:00 a.m. - 12:00 m.,Colegio República Estados Unidos de América (IED),8,
"Mañana, Tarde, Nocturna, Jornada única",Calle 32 sur No 22 - 30,colnaclemenciadeca18@educacionbogota.edu.co,300 2069143,,Colegio Clemencia de Caycedo (IED),8,
"Mañana, Tarde",DG 52 A Sur # 4 P - 10,cedlapaz18@educacionbogota.edu.co,3778021 Ext. 1102-1103,Lunes a viernes de 7:00 am A 11:00 am,Colegio la Paz (CED),8,
"Mañana, Tarde",Transversal 5A # 48M-50 SUR,iedcolombiaviv@educacionbogota.edu.co,7609287/7609288/3002071095,"LUNES, MIÉRCOLES DE 9AM  A 12M Y DE 2PM A 4PM, VIERNES DE 9AM A 12P",Colegio Colombia Viva IED,8,
Jornada única,Transversal 5U #48J-30 Sur,colmariacano@educacionbogota.edu.co,3726691,6:30 am a 3:00 pm,Colegio Maria Cano (IED),8,"51100202564, 51100202564"
"Mañana, Tarde, Nocturna",Cra 17 B Bis A N. 67 - 30 Sur,coldileondegreiff19@educacionbogota.edu.co,7906317 - 7652380,7:00 a.m. - 4:00 p.m.,Colegio León de Greiff (IED),8,"111001027251, 111001027251"
Jornada única,Cra. 17B #64 B 45 Sur. Barrio: Lucero Bajo,cedciudaddemontre19@educacionbogota.edu.co,7913193 - 301 6605680,6:30 a.m. a 2:00 p.m.,Colegio Ciudad de Montreal (IED),8,"111001028266, 111001028266"
"Mañana, Tarde",CARRERA 18M #63D-09 SUR,cedunioneuropea19@educacionbogota.edu.co,7909847 - 7658390 - 3043986134 - 3057986134,Martes a jueves  de 8:00 am - 11:00 am y 2:00 pm - 4:00 pm,Colegio Union Europea (IED),8,
"Mañana, Tarde",Sede A: Calle 67 Sur # 20 D-20 / Sede B La Casona: Carrera 20 B # 69 H-33 Sur Barrio - San Francisco,colnicolasgomezd@educacionbogota.edu.co,Sede A: (1) 716 80 30 - (1) 716 80 41 Sede B: (1) 7167220,,Colegio Nicolas Gomez Davila (IED),8,
"Mañana, Tarde",Sede A: Transversal 18G No. 81G - 10 Sur. Sede B Calle 82B Bis No. 18G - 27 Sur,escdiarabia19@educacionbogota.edu.co,7908071 - 7914173,8:00 am - 4:00 pm,Colegio la Arabia (IED),8,
"Mañana, Tarde",Carrera 43 #70a-50 Sur,cedarborizadoraal19@educacionbogota.edu.co,7153622,Lunes a Viernes de 8:00 a.m - 4:00 p.m,Colegio Arborizadora Alta (IED),8,
"Mañana, Tarde",Transversal 70 G 65-02 sur Barrio El Perdomo.,colmarmercedcarranza@educacionbogota.edu.co,"7750033. Extensiones: 101-Secretaría, 103- Pagaduria, 106-Biblioteca, 109-Archivo, 110-Almacén, 111-Biblioteca, 112-Portería, 11",,Colegio Maria Mercedes Carranza (IED),8,
"Mañana, Tarde",Carrera. 18D N°73-50 Sur,coldiestrelladelsu19@educacionbogota.edu.co,7914034 - 7911572 Ext. 101,L - V 6:30 a.m. a 12:30 p.m. / 12:30 p.m. a 6:30 p.m.,Colegio Estrella del Sur (IED),8,"111001075663, 111001075663"
Mañana,Sede A: Carrera 18 M No. 69 J-25 Sur. Sede B: Calle 68 D Sur No 18 Z-18. Sede C: Calle 69 I Sur No. 18M- 09.,escdimarandu19@educacionbogota.edu.co,7662784 - 3046754424,7:00 a.m. a 12:15 p.m.,Colegio Villamar (IED),8,
"Mañana, Tarde",Sede A: Calle 69 sur # 18 B 35 Barrio Bellavista. Sede B: Dg 65 D # 18 - 04 sur Lucero del Sur.,cedcompartirlucer19@xn--educacionbogot-8gb.edu.co,Secretaría 7909907 /Jornada mañana 3042436465 / Jornada tarde 3004490756 / Sede B 317 4404428 / Orientación 3136482049,8:00 a.m. 4:00 p.m. Se recomienda Llamar primero.,COLEGIO COMPARTIR RECUERDO IED.,8,
"Mañana, Tarde",kilómetro 5 vía Olarte,,3207033096,L-V 8:00 a.m - 12:00 m. - 2:00 p.m. - 5:00 p.m.,Colegio Rural Pasquilla (IED),8,
"Mañana, Tarde, Jornada única",KILÓMETRO 24 Vía a Quiba Sede A KILÓMETRO 20 Vía a Quiba Sede B,escdiquibaalta19@educacionbogota.edu.co,2 00 95 03 - 2 00 98 27,,Colegio Rural Quiba Alta (IED),8,
"Mañana, Tarde",KM 10 vía Quiba - Lote el Clavel,colrjosecelestinomutis@educacionbogota.edu.co,3046754432,Lunes a Viernes de 6:30 a.m - 5:30 p.m,Colegio Rural Jose Celestino Mutis (IED),8,
Jornada única,CL 69 SUR # 71 G - 12,cadel19@educacionbogota.edu.co,3007070248,,Colegio Angela Restrepo Moreno IED,8,
,,,,,Colegio Agustín Fernández - Sede 1,8,
"Mañana, Tarde",Calle 81 sur No. 18M-02,escdieltesoro19@educacionbogota.edu.co,7650233 – 7920458,,Colegio el Tesoro de la Cumbre (IED),9,
"Mañana, Tarde",Carrera 68B bis # 1-09 sur,cedlaflorestasur8@educacionbogota.edu.co,3012312699,,Colegio La Floresta Sur (IED),9,
"Mañana, Tarde",Calle 181 # 18B-83,colsaludcoopnorte@educacionbogota.edu.co,6682102 - 6775954,Jornada Mañana: 6:20 a.m. a 12:20 p.m.  Jornada Tarde: 12:20 p.m. a 6:20 p.m.,Colegio Saludcoop Norte (IED),9,"111001107743, 111001107743"
"Mañana, Tarde, Jornada única",,inemsantiagoperez6@educacionbogota.edu.co,,,IED Inem Santiago Pérez,9,
"Mañana, Tarde",Calle 40A Sur # 2-56 Este Sede A,,2068049,,Colegio El Rodeo (IED),9,
,,colprueba@educacionbogota.edu.co,,,Colegio Demostrativo IED,9,
,,,,,SEDE A,9,
"Mañana, Tarde",Sede A     Kra 128 A N. 139 - 13,cedtibabuyesunive11@educacionbogota.edu.co,6016890157,6:00 a.m. - 6:30 p.m.,Colegio Tibabuyes Universal (IED) Sede A,9,"Sede A   111001045225, Sede A   111001045225"
,KR 15 A ESTE # 57 A SUR - 16,cedbasyjuanaescob4@educacionbogota.edu.co,3652789,,Colegio Juana Escobar (IED),9,"111001012335, 111001012335"
"Mañana, Tarde",Carrera 4a No 89 - 43 Sur,colfergonzaochoa@educacionbogota.edu.co,7682629 - 7671642,,Colegio Fernando Gonzalez Ochoa (IED),9,"111001094439, 111001094439"
"Mañana, Tarde",Calle 128B Nª 87D-05,cedlaaguadita11@educacionbogota.edu.co,6844319,8 am-4 pm,Colegio Hunza (IED),9,"111769004188, 111769004188"
"Mañana, Tarde",Calle 30 Sur # 13 - 45,cedalejandroobreg18@educacionbogota.edu.co,2722320 / 3618477,L-V 6:15 a.m. a 12:30 p.m. / 12:30 p.m. a 6:00 p.m.,COLEGIO ALEJANDRO OBREGÓN (IED),9,"111001015172, 111001015172"
,,,,,Sede B Danubio Azul,9,
,,,,,Fiscala Alta Sede C,9,
Jornada única,Corregimiento San Juan Vereda la Unión,gdelcampojuanvarela@educacionbogota.edu.co,,8:00 a.m. a 1:00 p.m. / 2:00 p.m. a 5:00 p.m.,COLEGIO GIMNASIO DEL CAMPO JUAN DE LA CRUZ VARELA (IED),9,"211850001473, 211850001473"
"Mañana, Tarde",Carrera 98B # 74-68 Sur,colalfonsolopezmiche@educacionbogota.edu.co,3564974,,COLEGIO ALFONSO LÓPEZ MICHELSEN (IED),9,
"Mañana, Tarde, Nocturna",TV 72 B N° 44 C 19 SUR,coldicarlosarturot8@educacionbogota.edu.co,2043143,,COLEGIO CARLOS ARTURO TORRES (IED),9,"11100111324, 11100111324"
Jornada única,Carrera 77 B No 74 - 02,cedtabora10@educacionbogota.edu.co,3002069374,7:00 a.m. a 3:00 p.m.,COLEGIO TABORA (IED),9,"111001012483, 111001012483"
,,,,,REPÚBLICA DE FINLANDIA,9,
,,,,,SEDE B - DIANA TURBAY II,9,
"Mañana, Tarde",CL 75 A SUR # 1 B - 45 ESTE,cedsantalibrada5@educacionbogota.edu.co,7674757 / 3043999058,,COLEGIO SANTA LIBRADA (IED),10,"111001013820, 111001013820"
"Mañana, Tarde, Jornada única",Kr 4 este 82-45 sur,atencionfgl@gmail.com,7671624,8:00 a.m. - 5:00 p.m.,Colegio Federico Garcia Lorca (IED),10,"1118500015, 1118500015"
"Mañana, Tarde, Jornada única",KR 1 BIS B ESTE # 73 B - 97 SUR,cedbrasiliausme5@educacionbogota.edu.co,3002069262,,COLEGIO BRASILIA - USME (IED),10,"111001077917, 111001077917"
"Mañana, Tarde, Nocturna",AK 27 # 24 C - 19,cedpanamericana14@educacionbogota.edu.co,,,COLEGIO PANAMERICANO (IED),10,"111001030856, 111001030856"
Jornada única,Sede “A” Calle 23 Sur N° 27-27 - Sede “B” Calle 29 Sur N° 29A – 47,ceditfranciscodepa15@educacionbogota.edu.co,"Sede “A” 6012026684/6017271202 -Sede ""B"" 6017275047/6017139752/6017276908",6:20 a.m. a 2:20 p.m. de lunes a viernes,COLEGIO FRANCISCO DE PAULA SANTANDER INSTITUCIÓN EDUCATIVA DISTRITAL (IED),10,"11100114633, 11100114633"
"Mañana, Tarde",CL 20 D # 96 G - 51,edvecarmen9@educacionbogota.edu.co,4216751,,COLEGIO VILLEMAR EL CARMEN (IED),10,"111279000125, 111279000125"
,,,,,SEDE B VILLA NELLY,10,
,,,,,SEDE C,10,
,,,,,SEDE B - SAN RAFAEL,10,
"Mañana, Jornada única",KR 25 # 47 - 02 SUR Sede A / Calle 48 Sur No 28-44 sede B,coldirafaeluribeur6@educacionbogota.edu.co,7130308 - 2309420,"Lunes, miercoles y jueves de 8:00 a.m a 9:30 a.m / 2:00 p.m a 4:00 p.m sede A",COLEGIO RAFAEL URIBE URIBE (IED),10,"11100112274, 11100112274"
"Mañana, Tarde",KR 78 N  # 41 - 17/21 SUR,cedpaulovi8@educacionbogota.edu.co,2738032,,COLEGIO PAULO VI (IED),10,"111001013153, 111001013153"
"Mañana, Tarde",CL 131 B # 94 F - 31,colvirginiagutipined@educacionbogota.edu.co,6836225,,COLEGIO VIRGINIA GUTIERREZ DE PINEDA (IED),10,"111001107069, 111001107069"
,,,,,SEDE B - JOSE ACEVEDO Y GOMEZ,10,
,,,,,SEDE C - GABRIEL TURBAY,10,
,,,,,SEDE B - SAN LUIS SURORIENTAL,10,
,,,,,SEDE C - REPÚBLICA DE CANADA II,10,
,,,,,SEDE B - GERMAN ZEA HERNANDEZ,10,
"Mañana, Tarde",Cra 12 No 52 - 20 SUR,escdirufinojosecue6@educacionbogota.edu.co,3043989843,,COLEGIO RUFINO JOSE CUERVO (IED),10,"111001018201, 111001018201"
,,,,,SEDE B - CECILIA DE LA FUENTE DE LLERAS,10,
,,,,,SEDE C  y D,10,
,,,,,SEDE B - BUENA VISTA,11,
,,,,,SEDE C - HORIZONTE,11,
,,,,,SEDE D - TORCA,11,
"Mañana, Tarde",CL 37 B SUR # 68 D - 93,cedalquerialafrag8@educacionbogota.edu.co,2709229,,COLEGIO ALQUERIA DE LA FRAGUA (IED),11,"111001016098, 111001016098"
"Mañana, Tarde",CL 52 SUR # 97 C - 35,colciudadelabosa@educacionbogota.edu.co,4288697,,COLEGIO CIUDADELA EDUCATIVA DE BOSA (IED),11,"111001107875, 111001107875"
Jornada única,KR 70 C BIS # 71 - 33 Sede A    /                                                               DIAGONAL 70 # 70-40 Sede B     /                                               CALLE 69 A 70-55 Sede C.,coldinestorforeroa10@educacionbogota.edu.co,2245700,,COLEGIO NESTOR FORERO ALCALA (IED),11,"111001035521, 111001035521"
"Mañana, Tarde, Nocturna",CL 59 A SUR # 75 B - 75,coldilaestancia19@educacionbogota.edu.co,300 2072930,8:00 - 16:00,COLEGIO LA ESTANCIA - SAN ISIDRO LABRADOR (IED),11,"111001092410, 111001092410"
,,,,,SEDE B - LA CASONA,11,
"Mañana, Tarde",Carrera 8 C # 163 B-20,coldivinomaestro1@educacionbogota.edu.co,3002069352    /     6682043      /    6681949,8am - 4 pm,Colegio Divino Maestro IED,11,"11184802688, 11184802688"
,,,,,Sede A - Colegio La Floresta Sur,11,
,,,,,Sede Aguas Claras,11,
,,,,,SEDE B-VILLA MARIA,11,
,,,,,SEDE C- LAS FLORES,11,
"Mañana, Tarde, Jornada única",CL 40 B SUR # 52 C - 60,iedjulio@educacionbogota.edu.co,2384455,,COLEGIO JULIO GARAVITO ARMERO (IED),11,"111001102172, 111001102172"
"Mañana, Tarde, Nocturna",KR 69 B # 78 A - 36,lnalmagdalenaorteg10@educacionbogota.edu.co,2400968 / 2256492,L-V 7:00 am - 4:00 pm,COLEGIO MAGDALENA ORTEGA DE NARIÑO (IED),11,"111001017795, 111001017795"
,,,,,SEDE B - BABILONIA,11,
,,,,,SEDE C - LAS ORQUIDEAS,11,
"Mañana, Tarde, Jornada única",SEDE A:  CL 129 # 55 - 55  --  SEDE B: CL 129B # 58B-45,coldigustavomorale11@educacionbogota.edu.co,2712209 / 3002072271,,COLEGIO GUSTAVO MORALES MORALES (IED),11,"11100175519, 11100175519"
"Mañana, Tarde, Jornada única",SEDE A: KR 52 C # 19 A - 76 SUR Y SEDE B: CRA. 52 #24-90 SUR.,coldiluisvargastej16@educacionbogota.edu.co,2383695 / 7411089,SECRETARÍA ACADÉMICA SEDE A: martes y jueves de 6.30 am a 9.30 am.,COLEGIO LUIS VARGAS TEJADA (IED),11,"111001014869, 111001014869"
,KR 87 K # 69 - 40 SUR,cedlaconcepcion7@educacionbogota.edu.co,7855718,,COLEGIO LA CONCEPCION (IED),11,"111001086754, 111001086754"
"Mañana, Tarde",KR 2 A # 29 A - 29 SUR Sede A / Carrera 3 B No. 30 A 42 SUR Sede B,cedfranciscojavie4@educacionbogota.edu.co,Cel. Sede A 3002067913  Cel. Sede B  3057984256,Lunes 8:30am - 11:30 am  Martes a Jueves 8:30am - 11:30am y 1:30pm - 3:30pm,COLEGIO FRANCISCO JAVIER MATIZ (IED),12,"111001018341, 111001018341"
"Mañana, Tarde, Jornada única",CALLE 94 SUR #3B 53 - CRA 4G ESTE 94A 23 SUR,cedelvirreyultima5@educacionbogota.edu.co,3057987584,Lunes a jueves: 8:30am a 12:00m - 2:00pm a 3:30pm Viernes: 8:30am a 12:00m,COLEGIO LOS COMUNEROS - OSWALDO GUAYAZAMIN (IED),12,"111001044270, 111001044270"
"Mañana, Tarde, Jornada única",CL 78 A SUR # 17 F - 26,escdibuenosaires19@educacionbogota.edu.co,7656801 / 9129283,,COLEGIO EL MINUTO DE BUENOS AIRES (IED),12,"111001102164, 111001102164"
"Mañana, Tarde",CL 159 # 8 - 56,coldigeneralsantan1@educacionbogota.edu.co,6788559 / 6788487,,COLEGIO GENERAL SANTANDER (IED),12,"111848003910, 111848003910"
"Mañana, Tarde",CL 72 SUR # 79 D - 33,cedcarlosalbanhol7@educacionbogota.edu.co,7752059  / 7803540,,COLEGIO CARLOS ALBAN HOLGUIN (IED),12,"111001002909, 111001002909"
Jornada única,CL 63 B # 71 A - 16,colmarcotuliofernan@educacionbogota.edu.co,4365226  / 2521432,,COLEGIO MARCO TULIO FERNANDEZ (IED),12,"111001001121, 111001001121"
"Mañana, Tarde, Jornada única",KR 56 # 15 - 41,escdijosejoaquinca16@educacionbogota.edu.co,2606218 / 3046754439,,COLEGIO JOSE JOAQUIN CASAS (IED),12,"111001014729, 111001014729"
"Mañana, Tarde, Nocturna",CL 12 C  # 1 A - 24,cedlacandelaria17@educacionbogota.edu.co,3002067732  / 2438514,,COLEGIO INTEGRADA LA CANDELARIA (IED),12,"111001102148, 111001102148"
,,,,,SEDE A - DIANA TURBAY,12,
"Mañana, Jornada única",CL 78 BIS # 69 T - 45,intdirepdeguatemal10@educacionbogota.edu.co,601 2515341,Lunes a viernes de 8:00 a.m. a 2:00 p.m.,COLEGIO INSTITUTO TECNICO DISTRITAL REPUBLICA DE GUATEMALA (IED),12,"111001036625, 111001036625"
"Mañana, Tarde",AK 106 # 18 - 77,cdifontibon9@educacionbogota.edu.co,2671463,,COLEGIO INTEGRADO DE FONTIBON IBEP (IED),12,"111279000966, 111279000966"
"Mañana, Tarde, Jornada única",Sede A REINO UNIDO DE HOLANDA: Diagonal 45 Bis sur No. 13F -03. Sede B ANTONIO RICAURTE: Calle 43 sur No. 16-40. Sede C CONSUELO SUR: Calle 50 A Bis Sur No.13A-50. Sede D SOCORRO SUR: Calle 50 B Sur No. 13Bis – 31.,cedalexanderfleming18@educacionbogota.edu.co,,,COLEGIO ALEXANDER FLEMING (IED),12,"Secretaría Sede A: 111001018058 Sede B: 111001018031 Sede C: 111001028355 Sede D: 111001028304, Secretaría Sede A: 111001018058 Sede B: 111001018031 Sede C: 111001028355 Sede D: 111001028304"
"Mañana, Tarde, Nocturna, Jornada única",KR 14 B # 76 - 33 SUR,cedmigueldecervan5@educacionbogota.edu.co,6012001740,6:30 am a 10:00 am,COLEGIO MIGUEL DE CERVANTES SAAVEDRA (IED),12,"111001083011, 111001083011"
,,,,,Colegio Hunza - Sede A,12,
"Mañana, Nocturna, Jornada única","KM 6 Carretera a Nazareth, Vereda Las Auras, Corregimiento de Nazareth, Localidad Sumapaz, a 46 km de Usme pueblo por la vía al San Juan de Sumapaz o Parque Nacional Natural Sumapaz, luego por la carretera al Centro Poblado de Nazareth km 6",iedcampjaimegarzon@educacionbogota.edu.co,Celular: 3205762996                WhatsApp 3057912224,De 7:00 a.m. a 4:30 p.m.,COLEGIO CAMPESTRE JAIME GARZON (IED),12,"211001076346, 211001076346"
,,,,,Colegio Hunza - Sede C,12,
"Mañana, Tarde",CL 62 SUR # 19 B - 42,cedacaciasii19@educacionbogota.edu.co,7911558  - 3057923160,Horario de atención Secretaría Académica martes y jueves de 8:00 am a 11:00 am,COLEGIO ACACIA II (IED),12,"111001035572, 111001035572"
"Mañana, Tarde",CL 77 A SUR # 18 M - 79,coljosejaimerojas@educacionbogota.edu.co,7655502 - 3002072660,,COLEGIO JOSE JAIME ROJAS (IED),12,"111001036561, 111001036561"
Mañana,CL 56 SUR # 81 - 26,cedbritalia8@educacionbogota.edu.co,,,COLEGIO MANUEL CEPEDA VARGAS (IED),12,"111001027391, 111001027391"
"Nocturna, Jornada única",CL 165 # 8 A - 03,coldicristobalcolo1@educacionbogota.edu.co,6719464 -3043997196,Lunes a viernes de 6:30 a.m. a 2:30 p.m.,COLEGIO CRISTOBAL COLON (IED),12,"111848003031, 111848003031"
Jornada única,KR 18 ESTE # 13 - 42 SUR,cedpantaleongaita4@educacionbogota.edu.co,2466284 - 3002071923,,COLEGIO PANTALEON GAITAN PEREZ (CED),13,"111001012246, 111001012246"
"Mañana, Tarde, Nocturna",Carrera  16 C No.  62 - 35 SUR,cedguillermocanoi19@educacionbogota.edu.co,7650665 / 7661134,Jornada Mañana: de 6:10 a.m. a 12:10 p.m. - Jornada Tarde: de 12:20 p.m. a 6:20 p.m.  - Jornada Nocturna: de 6:30 p.m. a 10:00 p.m.,COLEGIO TÉCNICO CEDID GUILLERMO CANO ISAZA (IED),13,"111001044385, 111001044385"
"Mañana, Tarde",KR 17 F # 73 A - 31 SUR,iedantoniogarcia@educacionbogota.edu.co,7663708/09,,COLEGIO ANTONIO GARCIA (IED),13,"111001107859, 111001107859"
"Mañana, Tarde",KR 92 # 72 - 42 SUR,iedleoposaped@educacionbogota.edu.co,7234586 / 7234587,,COLEGIO LEONARDO POSADA PEDRAZA (IED),13,"111001104183, 111001104183"
"Mañana, Tarde",CL 61 SUR # 80 I - 40,escdifranciscodepa7@educacionbogota.edu.co,7750473 / 7807236,,COLEGIO FRANCISCO DE PAULA SANTANDER (IED),13,"111102000621, 111102000621"
"Mañana, Tarde, Jornada única",KR 10 A # 3 - 63 SUR,cedjaimepardoleal15@educacionbogota.edu.co,2461459,8:00 a 4:00 p.m.,COLEGIO TECNICO JAIME PARDO LEAL (IED),13,"111001086720, 111001086720"
"Mañana, Tarde, Nocturna",DG 48 B SUR # 24 B - 73,coldijosemariacord6@educacionbogota.edu.co,7692587 / 7698420,,COLEGIO CENTRO INTEGRAL JOSE MARIA CORDOBA (IED),13,"111001009652, 111001009652"
"Mañana, Tarde, Nocturna, Jornada única",AV CARACAS # 23 - 24 SUR,lfemeninocund@educacionbogota.edu.co,6012726302 / 6012392741,8:00 a 15:00pm,COLEGIO LICEO FEMENINO DE CUNDINAMARCA MERCEDES NARIÑO (IED),13,"111001011819, 111001011819"
Jornada única,Carrera 1 C este # 6 C - 85 Sur barrio Buenos Aires,coldirepdelecuador4@educacionbogota.edu.co,,6:30 a.m. - 3:30 p.m.,COLEGIO REPÚBLICA DEL ECUADOR (IED),13,"111001032433, 111001032433"
"Mañana, Tarde, Nocturna",KR 77 A # 67 - 17,coldiantonionarino10@educacionbogota.edu.co,,,COLEGIO ANTONIO NARIÑO (IED),13,"111001006483, 111001006483"
"Mañana, Tarde, Jornada única",CL 127 C # 9 A - 03,colescoloniaescola1@educacionbogota.edu.co,3043999111,,COLEGIO USAQUEN (IED),13,"111848002662, 111848002662"
"Mañana, Tarde, Jornada única",Carrera 88 I 54 F-17 SUR Barrio El Portal de Brasil,col.laura.herreradevarela@educacionbogota.edu.co,,,COLEGIO LAURA HERRERA DE VARELA IED,13,"111001801101, 111001801101"
Jornada única,KR 72 L # 34 - 19 SUR,cedoea8@educacionbogota.edu.co,4527015/16 -- 5630829,,COLEGIO O.E.A. (IED),13,"111001015601, 111001015601"
"Mañana, Tarde",KR 45 C # 69 D - 15 SUR,,7168781  / 7312296,,COLEGIO EL PARAISO DE MANUELA BELTRAN (IED),13,"111001045730, 111001045730"
,,,,,Revista de Investigación y experiencias pedagógicas emergentes,13,
Jornada única,AK 27 # 7 - 48,cedricaurte14@educacionbogota.edu.co,2475199 / 3600205,,COLEGIO RICAURTE (IED),13,"111001041459, 111001041459"
,,,,,Sede A,13,
,,,,,Sede B,13,
"Mañana, Jornada única",Km 15 al km 24 vía san juan de sumapaz,cedlamayoria5@educacionbogota.edu.co,3043989823,,COLEGIOS RURALES USME ALTO - CRUA,13,
"Mañana, Tarde",CL 1 H # 40 D - 13,cedeljazmin16@educacionbogota.edu.co,7209506,,COLEGIO EL JAZMIN (IED),13,"111001012530, 111001012530"
,,,,,Técnico Menorah Solicitante Bachillerato Internacional,14,
"Mañana, Tarde",SEDE A  Calle 51 sur 91D- 56      SEDE B Calle 58 SUR # 104 A - 50,cedelporvenir7@educacionbogota.edu.co,7845372 - 7837165,,COLEGIO EL PORVENIR (IED),14,"211102000243, 211102000243"
"Mañana, Tarde",CL 104 SUR # 14 - 90,cedbrazuelos5@educacionbogota.edu.co,,,COLEGIO BRAZUELOS (IED),14,"211850000931, 211850000931"
Jornada única,KR 88 C # 43 - 53 SUR,collasmargaritas8@educacionbogota.edu.co,3016733388,,COLEGIO LAS MARGARITAS (IED),14,"111001800431, 111001800431"
"Mañana, Tarde, Nocturna",Carrera 10A 39-05 Sur,cedmisaelpastrana18@educacionbogota.gov.co,6012725684 - 6012391691,,Colegio Misael Pastrana Borrero IED,14,"111001020095, 111001020095"
"Mañana, Tarde, Jornada única","Cl. 76b Sur #13 76, Bogotá",cednvaesperanza5@educacionbogota.edu.co,7400914/7405947,lunes miércoles y viernes 8:30a.m. a 11:45a.m.,Colegio Nueva Esperanza (IED),14,"11100124647, 11100124647"
Jornada única,"Calle 19 No 79-37, Fontibón, Colombia",colfelicidad9@educacionbogota.edu.co,+57 305 8141739,7:00 am - 2:00 pm,Colegio La Felicidad (IED),14,"111001800091, 111001800091"
,,,,,Colegio Jairo Aníbal Niño,14,
Jornada única,CL 64 SUR # 10 A - 39 ESTE,cedlabelleza4@educacionbogota.edu.co,"6013654700, 6013654800 / Fax: 6013654800",,COLEGIO LA BELLEZA LOS LIBERTADORES (IED),14,"111001016004, 111001016004"
"Mañana, Tarde, Jornada única",CL 74 A SUR # 17 - 49 ESTE,colsancayetano5@educacionbogota.edu.co,3002722353,,COLEGIO SAN CAYETANO (IED),14,"111001098833, 111001098833"
"Mañana, Tarde",Calle 63 sur # 97B-25,col.ciudadelaelrecreo.soniaosoriodsm@educacionbogota.edu.co,,,COLEGIO CIUDADELA EL RECREO SONIA OSORIO DE SAINT-MALO (IED),14,"111001801098, 111001801098"
"Mañana, Tarde, Jornada única",Sede A  CL 16 F BIS # 102 - 70      Sede B  CL 16J# 99-95 Fontibón centro,colpabloneruda@educacionbogota.edu.co,,Lunes a viernes de 8:00 - 1:00 pm,COLEGIO PABLO NERUDA (IED),14,"111001102199, 111001102199"
